applicant_id,RevolvingUtilizationOfUnsecuredLines,age,NumberOfTime30-59DaysPastDueNotWorse,DebtRatio,MonthlyIncome,NumberOfOpenCreditLinesAndLoans,NumberOfTimes90DaysLate,NumberRealEstateLoansOrLines,NumberOfTime60-89DaysPastDueNotWorse,NumberOfDependents
BASE_000,0.804829272,40,1,0.594973964,4416.0,9,0,2,0,1.0
BASE_001,0.0,51,0,0.1538951,11000.0,4,0,1,1,2.0
BASE_002,0.076674867,48,0,0.347121297,5366.0,7,0,1,0,3.0
BASE_003,0.011938063,64,0,0.173383448,14366.0,11,0,1,0,1.0
BASE_004,0.006024543,62,0,0.211887566,10245.0,7,0,2,0,1.0
BASE_005,0.413994517,58,0,0.236386492,17500.0,9,0,2,0,0.0
BASE_006,0.025362648,29,0,0.191161768,5000.0,13,0,0,0,0.0
BASE_007,0.014760604,83,0,0.095880511,4150.0,9,0,0,0,0.0
BASE_008,0.9999999,31,1,0.098350825,3334.0,2,1,0,0,0.0
BASE_009,0.9999999,55,0,0.222989439,2461.0,1,0,0,0,0.0
BASE_010,1.003177734,58,1,0.64058911,7400.0,14,0,2,0,1.0
BASE_011,0.034049548,74,0,0.009643917,2695.0,3,0,0,0,0.0
BASE_012,0.0,34,0,0.229684352,1488.0,1,0,0,0,1.0
BASE_013,0.537929479,25,0,0.337110482,3176.0,9,0,0,0,0.0
BASE_014,0.405781293,61,0,0.912527335,3200.0,5,0,1,0,1.0
BASE_015,0.019737381,73,2,0.32039406,6800.0,6,0,2,0,1.0
BASE_016,0.012558159,87,0,23.0,,8,0,0,0,0.0
BASE_017,0.0,31,0,0.31142381,5400.0,9,0,1,0,0.0
BASE_018,0.026438942,39,0,0.098312851,4800.0,2,0,0,0,2.0
BASE_019,0.202548511,63,0,0.437347767,11084.0,17,0,3,0,1.0
BASE_020,0.9999999,34,1,0.137904067,3835.0,2,1,0,0,0.0
BASE_021,0.003239559,69,0,0.157252888,3115.0,18,0,1,0,0.0
BASE_022,0.001141966,47,0,0.238761847,11500.0,20,0,1,0,2.0
BASE_023,0.011674708,84,0,16.0,,6,0,0,0,0.0
BASE_024,0.004971275,47,0,0.244976146,13833.0,8,0,2,0,2.0
BASE_025,0.171273622,55,0,0.397252874,12958.0,21,0,3,0,0.0
BASE_026,0.268900448,61,1,1985.0,,12,0,1,0,0.0
BASE_027,0.301442464,51,0,0.181542108,13500.0,6,0,1,0,0.0
BASE_028,1.02519664,44,0,0.163654618,2987.0,3,1,0,1,1.0
BASE_029,0.20190553,61,0,0.396864541,5676.0,23,0,1,0,0.0
BASE_030,0.748431866,46,0,9263.0,,7,0,2,0,0.0
BASE_031,0.355141781,58,0,1265.0,,9,0,1,0,0.0
BASE_032,0.352215928,26,0,15.5,1.0,2,0,0,0,0.0
BASE_033,0.9999999,43,1,29.0,,0,0,0,0,0.0
BASE_034,0.928701063,42,0,0.554869006,4045.0,12,0,1,0,0.0
BASE_035,0.003922357,38,0,0.148231471,8000.0,11,0,1,0,0.0
BASE_036,0.878245498,40,0,0.18141723,3400.0,5,0,0,0,1.0
BASE_037,0.338732254,74,0,0.069332754,4600.0,5,0,0,0,0.0
BASE_038,0.065381678,47,2,0.414865684,4950.0,15,0,2,0,0.0
BASE_039,0.9999999,61,1,0.467365028,1240.0,2,0,0,0,0.0
BASE_040,0.80215092,44,1,0.099686614,6700.0,6,0,0,0,2.0
BASE_041,0.537239909,58,0,0.468185607,3598.0,6,0,2,0,1.0
BASE_042,0.0,40,0,0.190831054,10600.0,7,0,1,0,1.0
BASE_043,0.228988616,31,0,0.115656721,3250.0,7,0,0,0,0.0
BASE_044,0.19890005,80,0,315.0,,7,0,0,0,0.0
BASE_045,0.0,40,0,0.26647904,6750.0,8,0,1,0,0.0
BASE_046,0.089724962,58,0,358.0,,10,0,0,0,0.0
BASE_047,0.9999999,51,0,0.219707299,11000.0,2,0,1,0,0.0
BASE_048,0.9999999,40,0,0.020522597,8916.0,2,0,0,0,1.0
BASE_049,0.059936027,45,0,0.009498417,6000.0,2,0,0,0,2.0
BASE_050,0.013789948,30,0,0.016793283,2500.0,5,0,0,0,0.0
BASE_051,0.04867102,68,0,0.972795805,3050.0,15,0,2,0,0.0
BASE_052,0.121250112,55,0,0.235645194,4858.0,8,0,1,0,0.0
BASE_053,0.250077463,53,0,0.650587659,4083.0,13,0,2,0,4.0
BASE_054,0.222227289,49,0,0.551689662,5000.0,17,0,1,0,2.0
BASE_055,0.016131183,76,0,3.0,,2,0,0,0,0.0
BASE_056,0.396749184,68,0,0.313068004,3190.0,13,0,0,0,0.0
BASE_057,0.187325384,46,0,0.33967639,8775.0,21,0,1,0,2.0
BASE_058,0.212535463,56,0,0.553393311,10225.0,22,0,3,0,0.0
BASE_059,0.578417045,59,0,0.882056814,2780.0,11,0,2,0,0.0
BASE_060,0.9999999,23,0,0.324250681,1100.0,3,0,0,0,0.0
BASE_061,0.155592762,47,0,0.047151621,11409.0,5,0,1,0,2.0
BASE_062,0.0,42,0,0.689051825,6000.0,11,0,2,0,2.0
BASE_063,0.102178302,49,0,1608.5,1.0,14,0,1,0,2.0
BASE_064,0.036481049,82,0,45.0,,3,0,0,0,
BASE_065,0.001905838,90,0,2.0,,7,0,0,0,0.0
BASE_066,0.015157818,67,0,0.003221864,9000.0,6,0,0,0,1.0
BASE_067,0.057953873,52,0,0.312985134,7600.0,5,0,2,0,3.0
BASE_068,0.192200325,71,0,137.0,,3,0,0,0,0.0
BASE_069,0.089805392,28,0,0.092302566,3000.0,5,0,0,0,0.0
BASE_070,0.137471823,46,0,0.685682575,4504.0,13,0,3,0,1.0
BASE_071,0.605736914,48,0,0.227455582,11931.0,9,0,1,0,1.0
BASE_072,0.364704412,63,0,0.534904481,5600.0,7,0,1,0,0.0
BASE_073,0.796416287,44,0,0.628842789,4000.0,4,0,2,0,2.0
BASE_074,0.022158142,84,0,0.00749875,6000.0,8,0,0,0,0.0
BASE_075,0.015139242,35,1,0.44073122,3500.0,10,0,1,0,3.0
BASE_076,0.078145772,64,1,0.032983508,2000.0,6,0,0,0,0.0
BASE_077,0.0,52,1,0.048484848,7094.0,3,0,0,0,0.0
BASE_078,0.053375634,65,0,0.374300187,3750.0,14,0,1,0,0.0
BASE_079,0.300591406,72,0,0.62805951,6250.0,9,0,1,0,0.0
BASE_080,0.188459473,60,0,0.273776166,6066.0,15,0,0,0,0.0
BASE_081,0.539164666,68,0,0.242116597,6500.0,10,0,0,0,0.0
BASE_082,0.289912474,49,0,0.335574153,7288.0,11,0,2,0,1.0
BASE_083,0.9999999,54,0,0.045531197,4150.0,1,1,0,0,2.0
BASE_084,0.930697659,50,0,0.557332115,6566.0,14,0,0,0,0.0
BASE_085,0.670832917,45,0,0.18596882,10775.0,8,0,1,0,3.0
BASE_086,0.0,41,0,0.233025566,30000.0,11,0,2,0,3.0
BASE_087,0.014397121,28,0,0.973377704,600.0,2,0,1,0,0.0
BASE_088,0.9999999,68,1,0.786108919,1266.0,4,0,3,1,0.0
BASE_089,0.929793729,55,0,762.0,,6,0,0,0,3.0
BASE_090,0.014716198,58,0,2150.0,,12,0,2,0,0.0
BASE_091,0.6304128,44,0,0.346477924,8900.0,15,0,2,0,0.0
BASE_092,0.031532633,74,0,47.0,,4,0,0,0,
BASE_093,0.457082994,57,0,2.025487256,2000.0,8,0,1,0,3.0
BASE_094,0.977404519,61,2,0.286099501,7416.0,4,0,1,0,0.0
BASE_095,0.735489895,58,0,0.244532389,4800.0,6,0,0,0,0.0
BASE_096,0.518354872,32,1,0.482007576,3167.0,10,0,0,0,0.0
BASE_097,0.9999999,42,0,0.019984013,1250.0,4,0,0,0,1.0
BASE_098,0.9999999,46,0,2.0,,1,0,0,0,0.0
BASE_099,0.2009124,50,0,0.740378633,11250.0,12,0,3,0,1.0
BASE_100,0.113321304,70,2,0.37966866,10200.0,16,0,2,0,0.0
BASE_101,0.9999999,48,0,0.413934426,19275.0,5,0,1,0,2.0
BASE_102,0.524195511,71,0,5304.0,,20,0,3,0,0.0
BASE_103,0.9999999,31,0,816.0,,4,3,0,1,0.0
BASE_104,0.429463544,48,1,6723.0,,24,0,3,0,0.0
BASE_105,0.066345136,26,0,0.129472822,3660.0,5,0,0,0,0.0
BASE_106,0.005527962,64,0,0.583985394,3833.0,11,0,1,0,1.0
BASE_107,0.9999999,32,3,0.813767091,2120.0,3,0,1,0,4.0
BASE_108,0.111104367,58,1,0.093727726,8417.0,5,0,0,0,0.0
BASE_109,0.101128918,65,0,0.324632953,16550.0,10,0,2,0,0.0
BASE_110,0.184565569,67,0,173.0,,3,0,0,0,
BASE_111,0.9999999,27,0,0.0,3816.0,1,0,0,0,0.0
BASE_112,0.253916406,52,1,0.089727568,4000.0,4,0,0,0,0.0
BASE_113,0.070110279,80,0,0.173448238,9166.0,7,0,2,0,0.0
BASE_114,0.360614514,56,1,0.355334918,7150.0,18,0,1,0,0.0
BASE_115,0.085186887,44,0,0.090791808,6200.0,7,0,0,0,2.0
BASE_116,0.223793114,34,0,0.221579961,4670.0,5,0,1,0,3.0
BASE_117,0.421384542,51,0,1063.0,,13,0,0,1,1.0
BASE_118,0.00593083,46,0,0.347451791,2903.0,6,0,1,0,2.0
BASE_119,0.280706627,53,0,0.234040874,12672.0,13,0,3,0,2.0
BASE_120,0.984979005,56,0,0.311471646,13066.0,9,0,2,0,1.0
BASE_121,0.141558599,49,1,0.37437055,5758.0,7,1,2,1,3.0
BASE_122,0.063286168,88,1,0.099609561,10500.0,16,0,0,0,0.0
BASE_123,0.020682226,55,0,0.107687264,6100.0,9,0,0,0,1.0
BASE_124,0.9999999,36,2,3931.0,,5,0,2,2,0.0
BASE_125,0.083287189,43,0,0.257145238,12000.0,6,0,1,0,4.0
BASE_126,0.0,55,0,0.149965124,4300.0,3,0,0,0,1.0
BASE_127,0.008246998,52,0,0.363145096,3700.0,3,0,1,0,2.0
BASE_128,0.040326547,46,0,1.090316978,2302.0,6,0,2,0,2.0
BASE_129,0.011419438,42,0,1.968976684,15439.0,15,0,2,0,2.0
BASE_130,0.0214725,61,0,0.239871596,9033.0,6,0,1,0,0.0
BASE_131,0.059189681,58,0,77.0,,3,0,0,0,0.0
BASE_132,0.339826544,77,0,0.210125377,6300.0,9,0,1,0,0.0
BASE_133,0.05181299,51,0,0.136613222,13658.0,5,0,1,0,2.0
BASE_134,0.167387665,39,0,0.090484919,6000.0,5,0,0,0,1.0
BASE_135,0.193765568,49,0,0.257319686,4200.0,16,0,1,0,0.0
BASE_136,0.009536743,74,0,9.0,,5,0,0,0,0.0
BASE_137,0.258039136,38,1,0.060384263,7650.0,12,0,0,0,1.0
BASE_138,0.038060929,58,1,271.0,,19,0,0,0,0.0
BASE_139,0.013669585,82,0,39.0,,8,0,0,0,0.0
BASE_140,0.034599231,67,0,1368.0,,8,0,1,0,0.0
BASE_141,0.329716994,59,0,0.747126437,2522.0,9,0,1,0,0.0
BASE_142,0.048327528,53,0,0.254859398,10134.0,16,0,2,0,2.0
BASE_143,0.076973732,69,0,0.008257099,16833.0,8,0,1,0,0.0
BASE_144,0.023268232,53,0,0.213965646,8033.0,9,0,2,0,2.0
BASE_145,0.9999999,50,0,0.39391821,2860.0,4,0,1,0,1.0
BASE_146,0.600446785,65,0,0.453295845,3200.0,7,0,0,0,1.0
BASE_147,0.078953666,52,0,2667.0,,9,0,2,0,2.0
BASE_148,0.9999999,66,0,0.150359904,3750.0,2,0,0,0,1.0
BASE_149,0.9999999,94,0,2.243512974,500.0,4,0,1,0,0.0
